{
	"sources" : 
	[
		{
			"file" : "C:/Users/usuario/Documents/GitHub/ejercicios-clase2/cmake-build-debug/_deps/fmt-subbuild/CMakeFiles/fmt-populate"
		},
		{
			"file" : "C:/Users/usuario/Documents/GitHub/ejercicios-clase2/cmake-build-debug/_deps/fmt-subbuild/CMakeFiles/fmt-populate.rule"
		},
		{
			"file" : "C:/Users/usuario/Documents/GitHub/ejercicios-clase2/cmake-build-debug/_deps/fmt-subbuild/CMakeFiles/fmt-populate-complete.rule"
		},
		{
			"file" : "C:/Users/usuario/Documents/GitHub/ejercicios-clase2/cmake-build-debug/_deps/fmt-subbuild/fmt-populate-prefix/src/fmt-populate-stamp/fmt-populate-build.rule"
		},
		{
			"file" : "C:/Users/usuario/Documents/GitHub/ejercicios-clase2/cmake-build-debug/_deps/fmt-subbuild/fmt-populate-prefix/src/fmt-populate-stamp/fmt-populate-configure.rule"
		},
		{
			"file" : "C:/Users/usuario/Documents/GitHub/ejercicios-clase2/cmake-build-debug/_deps/fmt-subbuild/fmt-populate-prefix/src/fmt-populate-stamp/fmt-populate-download.rule"
		},
		{
			"file" : "C:/Users/usuario/Documents/GitHub/ejercicios-clase2/cmake-build-debug/_deps/fmt-subbuild/fmt-populate-prefix/src/fmt-populate-stamp/fmt-populate-install.rule"
		},
		{
			"file" : "C:/Users/usuario/Documents/GitHub/ejercicios-clase2/cmake-build-debug/_deps/fmt-subbuild/fmt-populate-prefix/src/fmt-populate-stamp/fmt-populate-mkdir.rule"
		},
		{
			"file" : "C:/Users/usuario/Documents/GitHub/ejercicios-clase2/cmake-build-debug/_deps/fmt-subbuild/fmt-populate-prefix/src/fmt-populate-stamp/fmt-populate-patch.rule"
		},
		{
			"file" : "C:/Users/usuario/Documents/GitHub/ejercicios-clase2/cmake-build-debug/_deps/fmt-subbuild/fmt-populate-prefix/src/fmt-populate-stamp/fmt-populate-test.rule"
		},
		{
			"file" : "C:/Users/usuario/Documents/GitHub/ejercicios-clase2/cmake-build-debug/_deps/fmt-subbuild/fmt-populate-prefix/src/fmt-populate-stamp/fmt-populate-update.rule"
		}
	],
	"target" : 
	{
		"labels" : 
		[
			"fmt-populate"
		],
		"name" : "fmt-populate"
	}
}